id;title;description;due
1;clicks-and-mortar;Agent standardization;2022-10-31
2;reintermediate Architect Branding;Accountability;2022-10-31
3;driver Executive pixel;Franc compressing Streamlined;2022-10-31
4;Shoes Representative Steel;Checking;2022-10-31
5;Shirt seamless;Awesome China SSL;2022-10-31
6;Egyptian Research Facilitator;Program Dirham;2022-10-30
7;Extensions Electronics;sticky mindshare;2022-10-30
8;Account intuitive;collaborative world-class scale;2022-10-30
9;array Mobility conglomeration;Rubber;2022-10-30
10;open-source Bedfordshire;tan card;2022-10-31
